epoch,loss,val_loss
0,5.502414226531982,0.21538379788398743
1,0.47107994556427,0.11492423713207245
2,0.3772861063480377,0.07470685988664627
3,0.3540591895580292,0.06821784377098083
4,0.33083030581474304,0.057581692934036255
5,0.314291775226593,0.05721637234091759
6,0.316577672958374,0.06774358451366425
7,0.3216545879840851,0.10523752123117447
8,0.30463889241218567,0.06141884624958038
9,0.30814406275749207,0.06291113048791885
