epoch,loss,val_loss
0,0.44431546330451965,0.031761348247528076
1,0.0969662070274353,0.15218374133110046
2,0.08943373709917068,0.010170823894441128
3,0.0824526995420456,0.08740029484033585
4,0.0726962685585022,0.10720890015363693
5,0.06661812961101532,0.11810440570116043
6,0.06235170736908913,0.08720042556524277
7,0.0549139566719532,0.07661106437444687
