epoch,loss,val_loss
0,35.41350173950195,147.11746215820312
1,9.101692199707031,259.95574951171875
2,8.59339427947998,78.81491088867188
3,8.125484466552734,80.46294403076172
4,7.453691482543945,177.82595825195312
5,6.766716003417969,145.7506103515625
6,5.793691158294678,122.73854064941406
7,4.861931324005127,184.46250915527344
