epoch,loss,val_loss
0,2.792490005493164,1.518114447593689
1,0.6392858624458313,0.4747997224330902
2,0.5810602903366089,2.2652082443237305
3,0.5529555082321167,0.57660973072052
4,0.5219947695732117,0.20731033384799957
5,0.49687835574150085,0.14300429821014404
6,0.48529839515686035,0.26758918166160583
7,0.480128675699234,0.2020142376422882
8,0.46766015887260437,0.38448673486709595
9,0.4509301483631134,1.0397733449935913
