epoch,loss,val_loss
0,1.0077250003814697,0.015483969822525978
1,0.2707439959049225,0.011576979421079159
2,0.2504170835018158,0.007094153668731451
3,0.23520061373710632,0.08817298710346222
4,0.21409085392951965,0.008040381595492363
5,0.19503651559352875,0.08827018737792969
6,0.17517191171646118,0.027064742520451546
7,0.16481314599514008,0.010061187669634819
