epoch,loss,val_loss
0,23.555110931396484,64.04966735839844
1,2.4619641304016113,48.83670425415039
2,2.2061495780944824,37.84099578857422
3,2.0525479316711426,33.17705535888672
4,1.9352871179580688,29.362979888916016
5,1.8598415851593018,26.16427993774414
6,1.7208077907562256,21.45613670349121
7,1.6566985845565796,21.152441024780273
8,1.58213472366333,18.770769119262695
9,1.5118008852005005,20.566741943359375
