epoch,loss,val_loss
0,737.9136352539062,327285.3125
1,42.80632400512695,327869.28125
2,39.49155807495117,325863.6875
3,37.30677032470703,329305.71875
4,35.417999267578125,325652.78125
5,33.64643096923828,326051.90625
6,32.14479446411133,327603.75
7,30.26766014099121,274319.6875
8,28.95608901977539,282339.0
9,27.546598434448242,257096.75
