epoch,loss,val_loss
0,17.496301651000977,0.18356478214263916
1,1.5495405197143555,0.1183125302195549
2,1.2412731647491455,0.07804472744464874
3,1.142446756362915,0.0922207310795784
4,1.0859577655792236,0.24591007828712463
5,1.0408756732940674,0.06482350081205368
6,1.0046021938323975,0.0727323591709137
7,1.0100961923599243,0.13585934042930603
8,0.9937666654586792,0.05382455140352249
9,0.9679981470108032,0.08178301155567169
