epoch,loss,val_loss
0,1083.8402099609375,306716.375
1,174.41915893554688,268067.65625
2,111.51696014404297,253940.09375
3,49.04290771484375,286096.375
4,55.14094924926758,230430.515625
5,43.3223991394043,241061.453125
6,116.04447174072266,242832.40625
7,58.30461502075195,225641.0625
8,43.134002685546875,213166.09375
9,39.75209426879883,207829.75
