epoch,loss,val_loss
0,1.196673035621643,0.018083874136209488
1,0.315376341342926,0.007202088832855225
2,0.2648339867591858,0.06576758623123169
3,0.24170376360416412,0.005787616595625877
4,0.22393587231636047,0.18733133375644684
5,0.20464034378528595,0.008293917402625084
6,0.18853619694709778,0.008111264556646347
7,0.17218396067619324,0.004393505863845348
8,0.15388844907283783,0.01555529423058033
9,0.1402394026517868,0.0037744641304016113
