epoch,loss,val_loss
0,6.350898265838623,24.125276565551758
1,0.19790177047252655,20.837060928344727
2,0.16514649987220764,20.263086318969727
3,0.15137888491153717,20.687637329101562
4,0.14232638478279114,20.773218154907227
5,0.13295641541481018,20.914094924926758
6,0.12754184007644653,19.796842575073242
7,0.12384627014398575,20.877870559692383
8,0.12072847038507462,26.78192710876465
9,0.1140231341123581,21.01689910888672
