epoch,loss,val_loss
0,9.947500228881836,0.8026838302612305
1,0.1902381181716919,1.1620233058929443
2,0.1499588042497635,0.6925159096717834
3,0.13359154760837555,0.3489619493484497
4,0.11290136724710464,0.48208290338516235
5,0.10143445432186127,0.3678659200668335
6,0.09681009501218796,0.496603786945343
7,0.0862225815653801,0.6061438322067261
8,0.08239693194627762,0.516724169254303
