epoch,loss,val_loss
0,0.7645940184593201,1.0154078006744385
1,0.03175240755081177,0.7218852639198303
2,0.02344939298927784,0.9880354404449463
3,0.02045045979321003,1.2424864768981934
4,0.01827067695558071,0.8130200505256653
5,0.01698026806116104,0.4944014251232147
6,0.015895364806056023,0.8969755172729492
7,0.015008162707090378,0.7872784733772278
8,0.014283428899943829,0.5713627338409424
9,0.01419726200401783,0.6879681944847107
