epoch,loss,val_loss
0,86.77748107910156,131866.421875
1,3.7152655124664307,132350.703125
2,3.077089309692383,130983.75
3,2.6873154640197754,129787.671875
4,2.434814453125,135472.421875
5,2.2655534744262695,138626.96875
6,2.112074613571167,140742.734375
7,1.991098165512085,143560.5
8,1.904823660850525,142312.25
